time,time_formatted,without_robot_output,with_robot_output,azimuth,zenith
1540011600,"10/20/2018, 00:00:00",0,0,0,0
1540015200,"10/20/2018, 01:00:00",0,0,0,0
1540018800,"10/20/2018, 02:00:00",0,0,0,0
1540022400,"10/20/2018, 03:00:00",0,0,0,0
1540026000,"10/20/2018, 04:00:00",0,0,0,0
1540029600,"10/20/2018, 05:00:00",0,0,0,0
1540033200,"10/20/2018, 06:00:00",3.7,2.7,72.56,87.69
1540036800,"10/20/2018, 07:00:00",23.9,28.2,80.77,75.62
1540040400,"10/20/2018, 08:00:00",60.35,74.1,89.07,63.23
1540044000,"10/20/2018, 09:00:00",110.7,138.8,98.44,50.82
1540047600,"10/20/2018, 10:00:00",146.3,183.2,110.68,38.82
1540051200,"10/20/2018, 11:00:00",150.25,179.5,129.61,28.19
1540054800,"10/20/2018, 12:00:00",146,169.4,161.81,21.5
1540058400,"10/20/2018, 13:00:00",132.05,154.6,201.93,22.81
1540062000,"10/20/2018, 14:00:00",111.25,124.7,229.71,31.22
1540065600,"10/20/2018, 15:00:00",77.75,81.5,245.91,42.75
1540069200,"10/20/2018, 16:00:00",30.2,31.2,256.65,55.47
1540072800,"10/20/2018, 17:00:00",2.9,3,264.99,68.67
1540076400,"10/20/2018, 18:00:00",0,0,0,0
1540080000,"10/20/2018, 19:00:00",0,0,0,0
1540083600,"10/20/2018, 20:00:00",0,0,0,0
1540087200,"10/20/2018, 21:00:00",0,0,0,0
1540090800,"10/20/2018, 22:00:00",0,0,0,0
1540094400,"10/20/2018, 23:00:00",0,0,0,0
1540098000,"10/21/2018, 00:00:00",0,0,0,0
1540101600,"10/21/2018, 01:00:00",0,0,0,0
1540105200,"10/21/2018, 02:00:00",0,0,0,0
1540108800,"10/21/2018, 03:00:00",0,0,0,0
1540112400,"10/21/2018, 04:00:00",0,0,0,0
1540116000,"10/21/2018, 05:00:00",0,0,0,0
1540119600,"10/21/2018, 06:00:00",3.95,3.6,72.82,87.82
1540123200,"10/21/2018, 07:00:00",22.55,26.2,81.06,75.73
1540126800,"10/21/2018, 08:00:00",61.8,78.7,89.39,63.34
1540130400,"10/21/2018, 09:00:00",112.2,149.5,98.83,50.93
1540134000,"10/21/2018, 10:00:00",142.5,186.1,111.15,38.96
1540137600,"10/21/2018, 11:00:00",150,171.3,130.18,28.4
1540141200,"10/21/2018, 12:00:00",144.6,140.3,162.23,21.81
1540144800,"10/21/2018, 13:00:00",127.9,124.6,201.81,23.16
1540148400,"10/21/2018, 14:00:00",113.9,120.1,229.38,31.53
1540152000,"10/21/2018, 15:00:00",79.9,82.8,245.57,43.03
1540155600,"10/21/2018, 16:00:00",28.7,29.2,256.34,55.74
1540159200,"10/21/2018, 17:00:00",2.75,3.7,264.7,68.94
1540162800,"10/21/2018, 18:00:00",0,0,0,0
1540166400,"10/21/2018, 19:00:00",0,0,0,0
1540170000,"10/21/2018, 20:00:00",0,0,0,0
1540173600,"10/21/2018, 21:00:00",0,0,0,0
1540177200,"10/21/2018, 22:00:00",0,0,0,0
1540180800,"10/21/2018, 23:00:00",0,0,0,0
1540616400,"10/27/2018, 00:00:00",0,0,0,0
1540620000,"10/27/2018, 01:00:00",0,0,0,0
1540623600,"10/27/2018, 02:00:00",0,0,0,0
1540627200,"10/27/2018, 03:00:00",0,0,0,0
1540630800,"10/27/2018, 04:00:00",0,0,0,0
1540634400,"10/27/2018, 05:00:00",0,0,0,0
1540638000,"10/27/2018, 06:00:00",3.5,3.8,74.49,88.59
1540641600,"10/27/2018, 07:00:00",21.25,30.8,82.88,76.42
1540645200,"10/27/2018, 08:00:00",64.3,69.8,91.44,64
1540648800,"10/27/2018, 09:00:00",114.7,136.9,101.23,51.65
1540652400,"10/27/2018, 10:00:00",145.35,191.8,114.06,39.86
1540656000,"10/27/2018, 11:00:00",147.65,173.1,133.57,29.71
1540659600,"10/27/2018, 12:00:00",142.15,149.6,164.68,23.74
1540663200,"10/27/2018, 13:00:00",133.75,124.9,201.26,25.34
1540666800,"10/27/2018, 14:00:00",114,97.3,227.49,33.52
1540670400,"10/27/2018, 15:00:00",69.85,78,243.59,44.83
1540674000,"10/27/2018, 16:00:00",20.95,34.5,254.49,57.44
1540677600,"10/27/2018, 17:00:00",1.8,1.7,262.97,70.6
1540681200,"10/27/2018, 18:00:00",0,0,0,0
1540684800,"10/27/2018, 19:00:00",0,0,0,0
1540688400,"10/27/2018, 20:00:00",0,0,0,0
1540692000,"10/27/2018, 21:00:00",0,0,0,0
1540695600,"10/27/2018, 22:00:00",0,0,0,0
1540699200,"10/27/2018, 23:00:00",0,0,0,0
1540702800,"10/28/2018, 00:00:00",0,0,0,0
1540706400,"10/28/2018, 01:00:00",0,0,0,0
1540710000,"10/28/2018, 02:00:00",0,0,0,0
1540713600,"10/28/2018, 03:00:00",0,0,0,0
1540717200,"10/28/2018, 04:00:00",0,0,0,0
1540720800,"10/28/2018, 05:00:00",0,0,0,0
1540724400,"10/28/2018, 06:00:00",2,2.1,74.78,88.72
1540728000,"10/28/2018, 07:00:00",20.6,25.1,83.2,76.54
1540731600,"10/28/2018, 08:00:00",59.7,70,91.79,64.12
1540735200,"10/28/2018, 09:00:00",109.7,129.4,101.64,51.78
1540738800,"10/28/2018, 10:00:00",139.7,172.1,114.56,40.02
1540742400,"10/28/2018, 11:00:00",144.9,151.3,134.13,29.94
1540746000,"10/28/2018, 12:00:00",145.4,135.5,165.07,24.07
1540749600,"10/28/2018, 13:00:00",130.6,140.3,201.18,25.71
1540753200,"10/28/2018, 14:00:00",103.8,111.3,227.2,33.86
1540756800,"10/28/2018, 15:00:00",67.8,56.5,243.27,45.14
1540760400,"10/28/2018, 16:00:00",25.3,11.9,254.19,57.73
1540764000,"10/28/2018, 17:00:00",1.7,0.1,262.68,70.88
1540767600,"10/28/2018, 18:00:00",0,0,0,0
1540771200,"10/28/2018, 19:00:00",0,0,0,0
1540774800,"10/28/2018, 20:00:00",0,0,0,0
1540778400,"10/28/2018, 21:00:00",0,0,0,0
1540782000,"10/28/2018, 22:00:00",0,0,0,0
1540785600,"10/28/2018, 23:00:00",0,0,0,0
1540789200,"10/29/2018, 00:00:00",0,0,0,0
1540792800,"10/29/2018, 01:00:00",0,0,0,0
1540796400,"10/29/2018, 02:00:00",0,0,0,0
1540800000,"10/29/2018, 03:00:00",0,0,0,0
1540803600,"10/29/2018, 04:00:00",0,0,0,0
1540807200,"10/29/2018, 05:00:00",0,0,0,0
1540810800,"10/29/2018, 06:00:00",3.3,3.1,75.08,88.85
1540814400,"10/29/2018, 07:00:00",22.1,27.6,83.52,76.65
1540818000,"10/29/2018, 08:00:00",61.5,73.1,92.15,64.23
1540821600,"10/29/2018, 09:00:00",111.8,138.6,102.06,51.9
1540825200,"10/29/2018, 10:00:00",143.5,183.3,115.05,40.18
1540828800,"10/29/2018, 11:00:00",148.2,168.8,134.69,30.17
1540832400,"10/29/2018, 12:00:00",144.5,148.7,165.46,24.41
1540836000,"10/29/2018, 13:00:00",131.1,136.1,201.11,26.08
1540839600,"10/29/2018, 14:00:00",0,0,226.91,34.2
1540843200,"10/29/2018, 15:00:00",0,0,242.95,45.45
1540846800,"10/29/2018, 16:00:00",0,0,253.88,58.02
1540850400,"10/29/2018, 17:00:00",0,0,262.4,71.16
1540854000,"10/29/2018, 18:00:00",0,0,0,0
1540857600,"10/29/2018, 19:00:00",0,0,0,0
1540861200,"10/29/2018, 20:00:00",0,0,0,0
1540864800,"10/29/2018, 21:00:00",0,0,0,0
1540868400,"10/29/2018, 22:00:00",0,0,0,0
1540872000,"10/29/2018, 23:00:00",0,0,0,0
1541221200,"11/03/2018, 00:00:00",0,0,0,0
1541224800,"11/03/2018, 01:00:00",0,0,0,0
1541228400,"11/03/2018, 02:00:00",0,0,0,0
1541232000,"11/03/2018, 03:00:00",0,0,0,0
1541235600,"11/03/2018, 04:00:00",0,0,0,0
1541239200,"11/03/2018, 05:00:00",0,0,0,0
1541242800,"11/03/2018, 06:00:00",1.2,1.6,76.63,89.49
1541246400,"11/03/2018, 07:00:00",18,27.8,85.18,77.23
1541250000,"11/03/2018, 08:00:00",56.5,82.1,93.99,64.8
1541253600,"11/03/2018, 09:00:00",103.6,153.6,104.17,52.54
1541257200,"11/03/2018, 10:00:00",136,188.9,117.55,41.02
1541260800,"11/03/2018, 11:00:00",141.6,168,137.44,31.38
1541264400,"11/03/2018, 12:00:00",139.1,146.9,167.31,26.12
1541268000,"11/03/2018, 13:00:00",131.4,136.5,200.79,27.99
1541271600,"11/03/2018, 14:00:00",108.4,118.4,225.52,35.97
1541275200,"11/03/2018, 15:00:00",72.6,82.1,241.39,47.05
1541278800,"11/03/2018, 16:00:00",27.2,31.7,252.38,59.51
1541282400,"11/03/2018, 17:00:00",1.3,1.6,260.96,72.6
1541286000,"11/03/2018, 18:00:00",0,0,0,0
1541289600,"11/03/2018, 19:00:00",0,0,0,0
1541293200,"11/03/2018, 20:00:00",0,0,0,0
1541296800,"11/03/2018, 21:00:00",0,0,0,0
1541300400,"11/03/2018, 22:00:00",0,0,0,0
1541304000,"11/03/2018, 23:00:00",0,0,0,0
1541307600,"11/04/2018, 00:00:00",0,0,0,0
1541314800,"11/04/2018, 01:00:00",0,0,0,0
1541318400,"11/04/2018, 02:00:00",0,0,0,0
1541322000,"11/04/2018, 03:00:00",0,0,0,0
1541325600,"11/04/2018, 04:00:00",0,0,0,0
1541329200,"11/04/2018, 05:00:00",0,0,0,0
1541332800,"11/04/2018, 06:00:00",0.5,1.2,76.95,89.62
1541336400,"11/04/2018, 07:00:00",18.2,32.4,85.52,77.35
1541340000,"11/04/2018, 08:00:00",58.7,89.1,94.37,64.92
1541343600,"11/04/2018, 09:00:00",97.9,154,104.61,52.68
1541347200,"11/04/2018, 10:00:00",124.9,195.4,118.06,41.19
1541350800,"11/04/2018, 11:00:00",139,184.6,137.99,31.64
1541354400,"11/04/2018, 12:00:00",140.2,160.5,167.66,26.47
1541358000,"11/04/2018, 13:00:00",130.2,139.3,200.73,28.38
1541361600,"11/04/2018, 14:00:00",108.8,115.6,225.25,36.32
1541365200,"11/04/2018, 15:00:00",72.6,83.2,241.09,47.38
1541368800,"11/04/2018, 16:00:00",25.9,33.4,252.08,59.82
1541372400,"11/04/2018, 17:00:00",1.2,1.7,260.68,72.89
1541376000,"11/04/2018, 18:00:00",0,0,0,0
1541379600,"11/04/2018, 19:00:00",0,0,0,0
1541383200,"11/04/2018, 20:00:00",0,0,0,0
1541386800,"11/04/2018, 21:00:00",0,0,0,0
1541390400,"11/04/2018, 22:00:00",0,0,0,0
1541394000,"11/04/2018, 23:00:00",0,0,0,0
1541829600,"11/10/2018, 00:00:00",0,0,0,0
1541833200,"11/10/2018, 01:00:00",0,0,0,0
1541836800,"11/10/2018, 02:00:00",0,0,0,0
1541840400,"11/10/2018, 03:00:00",0,0,0,0
1541844000,"11/10/2018, 04:00:00",0,0,0,0
1541847600,"11/10/2018, 05:00:00",0,0,0,0
1541851200,"11/10/2018, 06:00:00",0.6,0.6,78.95,90.37
1541854800,"11/10/2018, 07:00:00",11.7,28.4,87.64,78.04
1541858400,"11/10/2018, 08:00:00",46.7,67.9,96.69,65.63
1541862000,"11/10/2018, 09:00:00",95.1,131.9,107.23,53.51
1541865600,"11/10/2018, 10:00:00",131.2,189.9,121.07,42.29
1541869200,"11/10/2018, 11:00:00",138.3,181.7,141.15,33.21
1541872800,"11/10/2018, 12:00:00",136.8,154.5,169.66,28.62
1541876400,"11/10/2018, 13:00:00",128.7,116.7,200.43,30.73
1541880000,"11/10/2018, 14:00:00",100.3,88.4,223.74,38.51
1541883600,"11/10/2018, 15:00:00",64.5,59.9,239.31,49.36
1541887200,"11/10/2018, 16:00:00",23.7,18,250.32,61.65
1541890800,"11/10/2018, 17:00:00",1.1,0.7,258.97,74.64
1541894400,"11/10/2018, 18:00:00",0,0,0,0
1541898000,"11/10/2018, 19:00:00",0,0,0,0
1541901600,"11/10/2018, 20:00:00",0,0,0,0
1541905200,"11/10/2018, 21:00:00",0,0,0,0
1541908800,"11/10/2018, 22:00:00",0,0,0,0
1541912400,"11/10/2018, 23:00:00",0,0,0,0
1541916000,"11/11/2018, 00:00:00",0,0,0,0
1541919600,"11/11/2018, 01:00:00",0,0,0,0
1541923200,"11/11/2018, 02:00:00",0,0,0,0
1541926800,"11/11/2018, 03:00:00",0,0,0,0
1541930400,"11/11/2018, 04:00:00",0,0,0,0
1541934000,"11/11/2018, 05:00:00",0,0,0,0
1541937600,"11/11/2018, 06:00:00",0.4,0.4,79.3,90.5
1541941200,"11/11/2018, 07:00:00",9.5,15.5,88,78.16
1541944800,"11/11/2018, 08:00:00",44,52.5,97.08,65.75
1541948400,"11/11/2018, 09:00:00",92.2,100.4,107.67,53.65
1541952000,"11/11/2018, 10:00:00",123,130.6,121.57,42.48
1541955600,"11/11/2018, 11:00:00",130.5,134.9,141.66,33.48
1541959200,"11/11/2018, 12:00:00",132,133.5,169.97,28.98
1541962800,"11/11/2018, 13:00:00",116.6,120.9,200.38,31.13
1541966400,"11/11/2018, 14:00:00",80.6,83.4,223.5,38.88
1541970000,"11/11/2018, 15:00:00",32.9,36.3,239.03,49.69
1541973600,"11/11/2018, 16:00:00",2.3,8.8,250.03,61.96
1541977200,"11/11/2018, 17:00:00",0.6,1.2,258.68,74.93
1541980800,"11/11/2018, 18:00:00",0,0,0,0
1541984400,"11/11/2018, 19:00:00",0,0,0,0
1541988000,"11/11/2018, 20:00:00",0,0,0,0
1541991600,"11/11/2018, 21:00:00",0,0,0,0
1541995200,"11/11/2018, 22:00:00",0,0,0,0
1541998800,"11/11/2018, 23:00:00",0,0,0,0
1542002400,"11/12/2018, 00:00:00",0,0,0,0
1542006000,"11/12/2018, 01:00:00",0,0,0,0
1542009600,"11/12/2018, 02:00:00",0,0,0,0
1542013200,"11/12/2018, 03:00:00",0,0,0,0
1542016800,"11/12/2018, 04:00:00",0,0,0,0
1542020400,"11/12/2018, 05:00:00",0,0,0,0
1542024000,"11/12/2018, 06:00:00",0.7,0.9,79.65,90.62
1542027600,"11/12/2018, 07:00:00",14.3,26,88.36,78.27
1542031200,"11/12/2018, 08:00:00",51.5,72.9,97.47,65.87
1542034800,"11/12/2018, 09:00:00",97.2,134.9,108.11,53.8
1542038400,"11/12/2018, 10:00:00",128.8,176.2,122.06,42.68
1542042000,"11/12/2018, 11:00:00",137.8,167.3,142.16,33.76
1542045600,"11/12/2018, 12:00:00",137,148.8,170.28,29.35
1542049200,"11/12/2018, 13:00:00",126.7,128.3,200.33,31.52
1542052800,"11/12/2018, 14:00:00",99.5,101.4,223.26,39.25
1542056400,"11/12/2018, 15:00:00",60.6,65.3,238.74,50.03
1542060000,"11/12/2018, 16:00:00",19.8,22.9,249.75,62.27
1542063600,"11/12/2018, 17:00:00",1,1.3,258.4,75.22
1542067200,"11/12/2018, 18:00:00",0,0,0,0
1542070800,"11/12/2018, 19:00:00",0,0,0,0
1542074400,"11/12/2018, 20:00:00",0,0,0,0
1542078000,"11/12/2018, 21:00:00",0,0,0,0
1542081600,"11/12/2018, 22:00:00",0,0,0,0
1542085200,"11/12/2018, 23:00:00",0,0,0,0
1542607200,"11/19/2018, 00:00:00",0,0,0,0
1542610800,"11/19/2018, 01:00:00",0,0,0,0
1542614400,"11/19/2018, 02:00:00",0,0,0,0
1542618000,"11/19/2018, 03:00:00",0,0,0,0
1542621600,"11/19/2018, 04:00:00",0,0,0,0
1542625200,"11/19/2018, 05:00:00",0,0,0,0
1542628800,"11/19/2018, 06:00:00",0.5,0,82.15,91.5
1542632400,"11/19/2018, 07:00:00",11.4,35.2,90.97,79.1
1542636000,"11/19/2018, 08:00:00",47.6,126.3,100.27,66.76
1542639600,"11/19/2018, 09:00:00",97,192.4,111.21,54.87
1542643200,"11/19/2018, 10:00:00",129.8,205.6,125.49,44.11
1542646800,"11/19/2018, 11:00:00",137.5,196.1,145.53,35.76
1542650400,"11/19/2018, 12:00:00",131.6,175.7,172.24,31.95
1542654000,"11/19/2018, 13:00:00",122.8,156.8,200.01,34.31
1542657600,"11/19/2018, 14:00:00",100.8,144.7,221.66,41.85
1542661200,"11/19/2018, 15:00:00",63.8,123.4,236.79,52.37
1542664800,"11/19/2018, 16:00:00",22.7,52,247.75,64.41
1542668400,"11/19/2018, 17:00:00",0.7,0.4,256.41,77.22
1542672000,"11/19/2018, 18:00:00",0,0,0,0
1542675600,"11/19/2018, 19:00:00",0,0,0,0
1542679200,"11/19/2018, 20:00:00",0,0,0,0
1542682800,"11/19/2018, 21:00:00",0,0,0,0
1542686400,"11/19/2018, 22:00:00",0,0,0,0
1542690000,"11/19/2018, 23:00:00",0,0,0,0
1542693600,"11/20/2018, 00:00:00",0,0,0,0
1542697200,"11/20/2018, 01:00:00",0,0,0,0
1542700800,"11/20/2018, 02:00:00",0,0,0,0
1542704400,"11/20/2018, 03:00:00",0,0,0,0
1542708000,"11/20/2018, 04:00:00",0,0,0,0
1542711600,"11/20/2018, 05:00:00",0,0,0,0
1542715200,"11/20/2018, 06:00:00",0.5,0.5,82.51,91.62
1542718800,"11/20/2018, 07:00:00",10.6,33.3,91.34,79.22
1542722400,"11/20/2018, 08:00:00",43,123,100.68,66.89
1542726000,"11/20/2018, 09:00:00",98.6,192.8,111.65,55.03
1542729600,"11/20/2018, 10:00:00",135.7,207.6,125.97,44.33
1542733200,"11/20/2018, 11:00:00",136.7,201.1,145.98,36.06
1542736800,"11/20/2018, 12:00:00",132,173,172.49,32.33
1542740400,"11/20/2018, 13:00:00",124,146.5,199.96,34.71
1542744000,"11/20/2018, 14:00:00",98.7,112.9,221.44,42.22
1542747600,"11/20/2018, 15:00:00",61.6,88.6,236.51,52.7
1542751200,"11/20/2018, 16:00:00",22.1,47.5,247.46,64.71
1542754800,"11/20/2018, 17:00:00",0.5,2.1,256.13,77.49
1542758400,"11/20/2018, 18:00:00",0,0,0,0
1542762000,"11/20/2018, 19:00:00",0,0,0,0
1542765600,"11/20/2018, 20:00:00",0,0,0,0
1542769200,"11/20/2018, 21:00:00",0,0,0,0
1542772800,"11/20/2018, 22:00:00",0,0,0,0
1542776400,"11/20/2018, 23:00:00",0,0,0,0
1542866400,"11/22/2018, 00:00:00",0,0,0,0
1542870000,"11/22/2018, 01:00:00",0,0,0,0
1542873600,"11/22/2018, 02:00:00",0,0,0,0
1542877200,"11/22/2018, 03:00:00",0,0,0,0
1542880800,"11/22/2018, 04:00:00",0,0,0,0
1542884400,"11/22/2018, 05:00:00",0,0,0,0
1542888000,"11/22/2018, 06:00:00",0.4,1.7,83.25,91.87
1542891600,"11/22/2018, 07:00:00",13.6,29.8,92.1,79.47
1542895200,"11/22/2018, 08:00:00",49.3,110.8,101.49,67.16
1542898800,"11/22/2018, 09:00:00",97,178.9,112.54,55.36
1542902400,"11/22/2018, 10:00:00",128.1,191,126.92,44.77
1542906000,"11/22/2018, 11:00:00",136.9,180.2,146.87,36.66
1542909600,"11/22/2018, 12:00:00",135.8,152.3,172.98,33.08
1542913200,"11/22/2018, 13:00:00",120.6,131.3,199.87,35.51
1542916800,"11/22/2018, 14:00:00",95.6,121.5,221.01,42.96
1542920400,"11/22/2018, 15:00:00",54,59.8,235.97,53.37
1542924000,"11/22/2018, 16:00:00",13.4,0.1,246.9,65.31
1542927600,"11/22/2018, 17:00:00",0.6,0.1,255.56,78.05
1542931200,"11/22/2018, 18:00:00",0,0,0,0
1542934800,"11/22/2018, 19:00:00",0,0,0,0
1542938400,"11/22/2018, 20:00:00",0,0,0,0
1542942000,"11/22/2018, 21:00:00",0,0,0,0
1542945600,"11/22/2018, 22:00:00",0,0,0,0
1542949200,"11/22/2018, 23:00:00",0,0,0,0
1542952800,"11/23/2018, 00:00:00",0,0,0,0
1542956400,"11/23/2018, 01:00:00",0,0,0,0
1542960000,"11/23/2018, 02:00:00",0,0,0,0
1542963600,"11/23/2018, 03:00:00",0,0,0,0
1542967200,"11/23/2018, 04:00:00",0,0,0,0
1542970800,"11/23/2018, 05:00:00",0,0,0,0
1542974400,"11/23/2018, 06:00:00",0.6,1.6,83.62,91.99
1542978000,"11/23/2018, 07:00:00",16.9,32,92.48,79.59
1542981600,"11/23/2018, 08:00:00",51.2,119.1,101.89,67.29
1542985200,"11/23/2018, 09:00:00",92.5,188.9,112.97,55.53
1542988800,"11/23/2018, 10:00:00",120.1,198.1,127.39,44.99
1542992400,"11/23/2018, 11:00:00",126.6,169.2,147.31,36.97
1542996000,"11/23/2018, 12:00:00",124.1,141.9,173.22,33.46
1542999600,"11/23/2018, 13:00:00",117.9,136.3,199.82,35.91
1543003200,"11/23/2018, 14:00:00",88,139.4,220.79,43.33
1543006800,"11/23/2018, 15:00:00",44,116.4,235.7,53.7
1543010400,"11/23/2018, 16:00:00",14.3,44.5,246.62,65.61
1543014000,"11/23/2018, 17:00:00",0.5,1.8,255.28,78.32
1543017600,"11/23/2018, 18:00:00",0,0,0,0
1543021200,"11/23/2018, 19:00:00",0,0,0,0
1543024800,"11/23/2018, 20:00:00",0,0,0,0
1543028400,"11/23/2018, 21:00:00",0,0,0,0
1543032000,"11/23/2018, 22:00:00",0,0,0,0
1543035600,"11/23/2018, 23:00:00",0,0,0,0
1543039200,"11/24/2018, 00:00:00",0,0,0,0
1543042800,"11/24/2018, 01:00:00",0,0,0,0
1543046400,"11/24/2018, 02:00:00",0,0,0,0
1543050000,"11/24/2018, 03:00:00",0,0,0,0
1543053600,"11/24/2018, 04:00:00",0,0,0,0
1543057200,"11/24/2018, 05:00:00",0,0,0,0
1543060800,"11/24/2018, 06:00:00",0.5,0.9,83.99,92.12
1543064400,"11/24/2018, 07:00:00",13.1,32.6,92.86,79.71
1543068000,"11/24/2018, 08:00:00",47.8,119.8,102.29,67.43
1543071600,"11/24/2018, 09:00:00",96.2,188.2,113.41,55.7
1543075200,"11/24/2018, 10:00:00",111.1,201.1,127.86,45.22
1543078800,"11/24/2018, 11:00:00",117.1,186.6,147.74,37.27
1543082400,"11/24/2018, 12:00:00",130.9,160.7,173.44,33.84
1543086000,"11/24/2018, 13:00:00",121.3,142.7,199.76,36.3
1543089600,"11/24/2018, 14:00:00",95.8,129.6,220.58,43.7
1543093200,"11/24/2018, 15:00:00",55.8,96.9,235.44,54.03
1543096800,"11/24/2018, 16:00:00",18.1,36,246.34,65.91
1543100400,"11/24/2018, 17:00:00",0.5,1.05,255,78.59
1543104000,"11/24/2018, 18:00:00",0,0,0,0
1543107600,"11/24/2018, 19:00:00",0,0,0,0
1543111200,"11/24/2018, 20:00:00",0,0,0,0
1543114800,"11/24/2018, 21:00:00",0,0,0,0
1543118400,"11/24/2018, 22:00:00",0,0,0,0
1543122000,"11/24/2018, 23:00:00",0,0,0,0
1573279200,"11/09/2019, 00:00:00",0,0,0,0
1573282800,"11/09/2019, 01:00:00",0,0,0,0
1573286400,"11/09/2019, 02:00:00",0,0,0,0
1573290000,"11/09/2019, 03:00:00",0,0,0,0
1573293600,"11/09/2019, 04:00:00",0,0,0,0
1573297200,"11/09/2019, 05:00:00",0,0,0,0
1573300800,"11/09/2019, 06:00:00",0.5,2,78.61,90.25
1573304400,"11/09/2019, 07:00:00",14.7,45.2,87.28,77.92
1573308000,"11/09/2019, 08:00:00",48.3,150.4,96.3,65.51
1573311600,"11/09/2019, 09:00:00",91.3,192.4,106.79,53.36
1573315200,"11/09/2019, 10:00:00",119.7,205.6,120.57,42.1
1573318800,"11/09/2019, 11:00:00",129.4,211.3,140.63,32.94
1573322400,"11/09/2019, 12:00:00",125,204.2,169.35,28.25
1573326000,"11/09/2019, 13:00:00",103.4,201.9,200.48,30.34
1573329600,"11/09/2019, 14:00:00",82.6,197.1,223.98,38.14
1573333200,"11/09/2019, 15:00:00",56.6,168.7,239.6,49.03
1573336800,"11/09/2019, 16:00:00",18.5,75.6,250.62,61.34
1573340400,"11/09/2019, 17:00:00",1.4,2,259.25,74.35
1573344000,"11/09/2019, 18:00:00",0,0,0,0
1573347600,"11/09/2019, 19:00:00",0,0,0,0
1573351200,"11/09/2019, 20:00:00",0,0,0,0
1573354800,"11/09/2019, 21:00:00",0,0,0,0
1573358400,"11/09/2019, 22:00:00",0,0,0,0
1573362000,"11/09/2019, 23:00:00",0,0,0,0
1573365600,"11/10/2019, 00:00:00",0,0,0,0
1573369200,"11/10/2019, 01:00:00",0,0,0,0
1573372800,"11/10/2019, 02:00:00",0,0,0,0
1573376400,"11/10/2019, 03:00:00",0,0,0,0
1573380000,"11/10/2019, 04:00:00",0,0,0,0
1573383600,"11/10/2019, 05:00:00",0,0,0,0
1573387200,"11/10/2019, 06:00:00",0.8,3.4,78.95,90.37
1573390800,"11/10/2019, 07:00:00",11.9,48.4,87.64,78.04
1573394400,"11/10/2019, 08:00:00",49.2,146.3,96.69,65.63
1573398000,"11/10/2019, 09:00:00",88.5,195.6,107.23,53.51
1573401600,"11/10/2019, 10:00:00",1252,211.4,121.07,42.29
1573405200,"11/10/2019, 11:00:00",131.2,215.7,141.15,33.21
1573408800,"11/10/2019, 12:00:00",124.3,205.7,169.66,28.62
1573412400,"11/10/2019, 13:00:00",108,194.8,200.43,30.73
1573416000,"11/10/2019, 14:00:00",80,193.1,223.74,38.51
1573419600,"11/10/2019, 15:00:00",51.2,168.3,239.31,49.36
1573423200,"11/10/2019, 16:00:00",23.4,73.8,250.32,61.65
1573426800,"11/10/2019, 17:00:00",1.7,4.2,258.97,74.64
1573430400,"11/10/2019, 18:00:00",0,0,0,0
1573434000,"11/10/2019, 19:00:00",0,0,0,0
1573437600,"11/10/2019, 20:00:00",0,0,0,0
1573441200,"11/10/2019, 21:00:00",0,0,0,0
1573444800,"11/10/2019, 22:00:00",0,0,0,0
1573448400,"11/10/2019, 23:00:00",0,0,0,0
1573884000,"11/16/2019, 00:00:00",0,0,0,0
1573887600,"11/16/2019, 01:00:00",0,0,0,0
1573891200,"11/16/2019, 02:00:00",0,0,0,0
1573894800,"11/16/2019, 03:00:00",0,0,0,0
1573898400,"11/16/2019, 04:00:00",0,0,0,0
1573902000,"11/16/2019, 05:00:00",0,0,0,0
1573905600,"11/16/2019, 06:00:00",0.8,1.2,81.06,91.12
1573909200,"11/16/2019, 07:00:00",13.4,39.4,89.84,78.75
1573912800,"11/16/2019, 08:00:00",54.2,138.6,99.07,66.37
1573916400,"11/16/2019, 09:00:00",86.4,191.4,109.88,54.4
1573920000,"11/16/2019, 10:00:00",123,206.8,124.04,43.48
1573923600,"11/16/2019, 11:00:00",123.2,203.7,144.12,34.89
1573927200,"11/16/2019, 12:00:00",124.1,208.4,171.44,30.83
1573930800,"11/16/2019, 13:00:00",109.3,195.1,200.15,33.12
1573934400,"11/16/2019, 14:00:00",79.3,196.2,222.33,40.73
1573938000,"11/16/2019, 15:00:00",50,159.9,237.61,51.37
1573941600,"11/16/2019, 16:00:00",20.7,72.9,248.6,63.49
1573945200,"11/16/2019, 17:00:00",1.3,2.8,257.26,76.37
1573948800,"11/16/2019, 18:00:00",0,0,0,0
1573952400,"11/16/2019, 19:00:00",0,0,0,0
1573956000,"11/16/2019, 20:00:00",0,0,0,0
1573959600,"11/16/2019, 21:00:00",0,0,0,0
1573963200,"11/16/2019, 22:00:00",0,0,0,0
1573966800,"11/16/2019, 23:00:00",0,0,0,0
1573970400,"11/17/2019, 00:00:00",0,0,0,0
1573974000,"11/17/2019, 01:00:00",0,0,0,0
1573977600,"11/17/2019, 02:00:00",0,0,0,0
1573981200,"11/17/2019, 03:00:00",0,0,0,0
1573984800,"11/17/2019, 04:00:00",0,0,0,0
1573988400,"11/17/2019, 05:00:00",0,0,0,0
1573992000,"11/17/2019, 06:00:00",0.6,3,81.42,91.25
1573995600,"11/17/2019, 07:00:00",10.3,36.2,90.21,78.86
1573999200,"11/17/2019, 08:00:00",44.4,142,99.47,66.5
1574002800,"11/17/2019, 09:00:00",80.4,188.8,110.33,54.55
1574006400,"11/17/2019, 10:00:00",126.2,201.2,124.53,43.69
1574010000,"11/17/2019, 11:00:00",128.6,208.5,144.6,35.18
1574013600,"11/17/2019, 12:00:00",124.1,204,171.71,31.2
1574017200,"11/17/2019, 13:00:00",109.3,200.3,200.1,33.51
1574020800,"11/17/2019, 14:00:00",79.3,195.1,222.11,41.11
1574024400,"11/17/2019, 15:00:00",50,171.3,237.34,51.7
1574028000,"11/17/2019, 16:00:00",20.7,67.3,248.31,63.8
1574031600,"11/17/2019, 17:00:00",1.2,4.2,256.98,76.65
1574035200,"11/17/2019, 18:00:00",0,0,0,0
1574038800,"11/17/2019, 19:00:00",0,0,0,0
1574042400,"11/17/2019, 20:00:00",0,0,0,0
1574046000,"11/17/2019, 21:00:00",0,0,0,0
1574049600,"11/17/2019, 22:00:00",0,0,0,0
1574053200,"11/17/2019, 23:00:00",0,0,0,0
1574056800,"11/18/2019, 00:00:00",0,0,0,0
1574060400,"11/18/2019, 01:00:00",0,0,0,0
1574064000,"11/18/2019, 02:00:00",0,0,0,0
1574067600,"11/18/2019, 03:00:00",0,0,0,0
1574071200,"11/18/2019, 04:00:00",0,0,0,0
1574074800,"11/18/2019, 05:00:00",0,0,0,0
1574078400,"11/18/2019, 06:00:00",0.7,2.7,81.78,91.37
1574082000,"11/18/2019, 07:00:00",12.6,42.3,90.59,78.98
1574085600,"11/18/2019, 08:00:00",49,144.3,99.87,66.63
1574089200,"11/18/2019, 09:00:00",86.7,192.1,110.77,54.71
1574092800,"11/18/2019, 10:00:00",123.5,206.3,125.01,43.9
1574096400,"11/18/2019, 11:00:00",128.1,209.9,145.07,35.47
1574100000,"11/18/2019, 12:00:00",124.4,205.6,171.98,31.58
1574103600,"11/18/2019, 13:00:00",108.2,198,200.06,33.91
1574107200,"11/18/2019, 14:00:00",81.6,195.4,221.89,41.48
1574110800,"11/18/2019, 15:00:00",51.9,167.1,237.06,52.04
1574114400,"11/18/2019, 16:00:00",21,72.4,248.03,64.11
1574118000,"11/18/2019, 17:00:00",1.4,2.3,256.69,76.93
1574121600,"11/18/2019, 18:00:00",0,0,0,0
1574125200,"11/18/2019, 19:00:00",0,0,0,0
1574128800,"11/18/2019, 20:00:00",0,0,0,0
1574132400,"11/18/2019, 21:00:00",0,0,0,0
1574136000,"11/18/2019, 22:00:00",0,0,0,0
1574139600,"11/18/2019, 23:00:00",0,0,0,0
1574488800,"11/23/2019, 00:00:00",0,0,0,0
1574492400,"11/23/2019, 01:00:00",0,0,0,0
1574496000,"11/23/2019, 02:00:00",0,0,0,0
1574499600,"11/23/2019, 03:00:00",0,0,0,0
1574503200,"11/23/2019, 04:00:00",0,0,0,0
1574506800,"11/23/2019, 05:00:00",0,0,0,0
1574510400,"11/23/2019, 06:00:00",0,0,83.62,91.99
1574514000,"11/23/2019, 07:00:00",10.4,42.2,92.48,79.59
1574517600,"11/23/2019, 08:00:00",42,153.2,101.89,67.29
1574521200,"11/23/2019, 09:00:00",86.7,193.5,112.97,55.53
1574524800,"11/23/2019, 10:00:00",111.1,209.2,127.39,44.99
1574528400,"11/23/2019, 11:00:00",128.4,210.7,147.31,36.97
1574532000,"11/23/2019, 12:00:00",122.4,204,173.22,33.46
1574535600,"11/23/2019, 13:00:00",101.2,199.9,199.82,35.91
1574539200,"11/23/2019, 14:00:00",80.2,197.1,220.79,43.33
1574542800,"11/23/2019, 15:00:00",46.6,165.2,235.7,53.7
1574546400,"11/23/2019, 16:00:00",14.7,75.7,246.62,65.61
1574550000,"11/23/2019, 17:00:00",0.9,0.9,255.28,78.32
1574553600,"11/23/2019, 18:00:00",0,0,0,0
1574557200,"11/23/2019, 19:00:00",0,0,0,0
1574560800,"11/23/2019, 20:00:00",0,0,0,0
1574564400,"11/23/2019, 21:00:00",0,0,0,0
1574568000,"11/23/2019, 22:00:00",0,0,0,0
1574571600,"11/23/2019, 23:00:00",0,0,0,0
1574575200,"11/24/2019, 00:00:00",0,0,0,0
1574578800,"11/24/2019, 01:00:00",0,0,0,0
1574582400,"11/24/2019, 02:00:00",0,0,0,0
1574586000,"11/24/2019, 03:00:00",0,0,0,0
1574589600,"11/24/2019, 04:00:00",0,0,0,0
1574593200,"11/24/2019, 05:00:00",0,0,0,0
1574596800,"11/24/2019, 06:00:00",0,0,83.99,92.12
1574600400,"11/24/2019, 07:00:00",9.6,45.4,92.86,79.71
1574604000,"11/24/2019, 08:00:00",44.2,146.5,102.29,67.43
1574607600,"11/24/2019, 09:00:00",80.3,191.6,113.41,55.7
1574611200,"11/24/2019, 10:00:00",115.2,202.4,127.86,45.22
1574614800,"11/24/2019, 11:00:00",125.4,210.3,147.74,37.27
1574618400,"11/24/2019, 12:00:00",199.3,201.7,173.44,33.84
1574622000,"11/24/2019, 13:00:00",104.2,197.6,199.76,36.3
1574625600,"11/24/2019, 14:00:00",78.3,193.6,220.58,43.7
1574629200,"11/24/2019, 15:00:00",45.3,169.3,235.44,54.03
1574632800,"11/24/2019, 16:00:00",16.9,73.4,246.34,65.91
1574636400,"11/24/2019, 17:00:00",0.8,0.8,255,78.59
1574640000,"11/24/2019, 18:00:00",0,0,0,0
1574643600,"11/24/2019, 19:00:00",0,0,0,0
1574647200,"11/24/2019, 20:00:00",0,0,0,0
1574650800,"11/24/2019, 21:00:00",0,0,0,0
1574654400,"11/24/2019, 22:00:00",0,0,0,0
1574658000,"11/24/2019, 23:00:00",0,0,0,0
1574661600,"11/25/2019, 00:00:00",0,0,0,0
1574665200,"11/25/2019, 01:00:00",0,0,0,0
1574668800,"11/25/2019, 02:00:00",0,0,0,0
1574672400,"11/25/2019, 03:00:00",0,0,0,0
1574676000,"11/25/2019, 04:00:00",0,0,0,0
1574679600,"11/25/2019, 05:00:00",0,0,0,0
1574683200,"11/25/2019, 06:00:00",0,0,84.37,92.24
1574686800,"11/25/2019, 07:00:00",11.5,44.4,93.25,79.84
1574690400,"11/25/2019, 08:00:00",48.4,150.9,102.7,67.57
1574694000,"11/25/2019, 09:00:00",88.6,194.6,113.85,55.87
1574697600,"11/25/2019, 10:00:00",120.4,210.5,128.32,45.45
1574701200,"11/25/2019, 11:00:00",129.7,215.8,148.16,37.58
1574704800,"11/25/2019, 12:00:00",130.4,209.5,173.66,34.22
1574708400,"11/25/2019, 13:00:00",110.3,201.9,199.71,36.7
1574712000,"11/25/2019, 14:00:00",81.4,194.8,220.37,44.06
1574715600,"11/25/2019, 15:00:00",51.1,169,235.17,54.36
1574719200,"11/25/2019, 16:00:00",19.7,70.1,246.06,66.2
1574722800,"11/25/2019, 17:00:00",1.3,1.3,254.72,78.86
1574726400,"11/25/2019, 18:00:00",0,0,0,0
1574730000,"11/25/2019, 19:00:00",0,0,0,0
1574733600,"11/25/2019, 20:00:00",0,0,0,0
1574737200,"11/25/2019, 21:00:00",0,0,0,0
1574740800,"11/25/2019, 22:00:00",0,0,0,0
1574744400,"11/25/2019, 23:00:00",0,0,0,0
1575093600,"11/30/2019, 00:00:00",0,0,0,0
1575097200,"11/30/2019, 01:00:00",0,0,0,0
1575100800,"11/30/2019, 02:00:00",0,0,0,0
1575104400,"11/30/2019, 03:00:00",0,0,0,0
1575108000,"11/30/2019, 04:00:00",0,0,0,0
1575111600,"11/30/2019, 05:00:00",0,0,0,0
1575115200,"11/30/2019, 06:00:00",0,0,86.25,92.87
1575118800,"11/30/2019, 07:00:00",9.7,40.3,95.16,80.47
1575122400,"11/30/2019, 08:00:00",45.4,148.6,104.71,68.29
1575126000,"11/30/2019, 09:00:00",85.4,190.4,116,56.76
1575129600,"11/30/2019, 10:00:00",120.1,210.8,130.56,46.63
1575133200,"11/30/2019, 11:00:00",131.3,215.3,150.15,39.14
1575136800,"11/30/2019, 12:00:00",125.6,210.4,174.67,36.12
1575140400,"11/30/2019, 13:00:00",94,200,199.43,38.67
1575144000,"11/30/2019, 14:00:00",69.3,192.3,219.32,45.88
1575147600,"11/30/2019, 15:00:00",50.3,167.1,233.86,55.97
1575151200,"11/30/2019, 16:00:00",17.5,59.2,244.68,67.64
1575154800,"11/30/2019, 17:00:00",1,1,253.31,80.17
1575158400,"11/30/2019, 18:00:00",0,0,0,0
1575162000,"11/30/2019, 19:00:00",0,0,0,0
1575165600,"11/30/2019, 20:00:00",0,0,0,0
1575169200,"11/30/2019, 21:00:00",0,0,0,0
1575172800,"11/30/2019, 22:00:00",0,0,0,0
1575176400,"11/30/2019, 23:00:00",0,0,0,0
1575180000,"12/01/2019, 00:00:00",0,0,0,0
1575183600,"12/01/2019, 01:00:00",0,0,0,0
1575187200,"12/01/2019, 02:00:00",0,0,0,0
1575190800,"12/01/2019, 03:00:00",0,0,0,0
1575194400,"12/01/2019, 04:00:00",0,0,0,0
1575198000,"12/01/2019, 05:00:00",0,0,0,0
1575201600,"12/01/2019, 06:00:00",0,0,86.63,93
1575205200,"12/01/2019, 07:00:00",10.3,43.1,95.55,80.6
1575208800,"12/01/2019, 08:00:00",45,149.8,105.11,68.44
1575212400,"12/01/2019, 09:00:00",85.3,192.5,116.42,56.95
1575216000,"12/01/2019, 10:00:00",116.7,208.2,130.99,46.87
1575219600,"12/01/2019, 11:00:00",128.3,213,150.52,39.46
1575223200,"12/01/2019, 12:00:00",124.4,206.4,174.85,36.5
1575226800,"12/01/2019, 13:00:00",102.4,199.9,199.37,39.05
1575230400,"12/01/2019, 14:00:00",77.3,194.5,219.12,46.24
1575234000,"12/01/2019, 15:00:00",48.3,167.7,233.6,56.29
1575237600,"12/01/2019, 16:00:00",17.2,69.6,244.41,67.92
1575241200,"12/01/2019, 17:00:00",1,1,253.03,80.42
1575244800,"12/01/2019, 18:00:00",0,0,0,0
1575248400,"12/01/2019, 19:00:00",0,0,0,0
1575252000,"12/01/2019, 20:00:00",0,0,0,0
1575255600,"12/01/2019, 21:00:00",0,0,0,0
1575259200,"12/01/2019, 22:00:00",0,0,0,0
1575262800,"12/01/2019, 23:00:00",0,0,0,0